month,mean log flow,st dev log flow
1,7.977205826,0.548087589
2,8.093878618,0.50685484
3,8.295828286,0.404813235
4,8.17026379,0.445207936
5,7.993960425,0.498530536
6,7.664540379,0.596376078
7,7.348895296,0.683716221
8,7.180311107,0.774037272
9,7.117032425,0.863417335
10,7.188428879,0.693766636
11,7.486314317,0.611679165
12,7.772340558,0.596214157
